Date,Referrer,Count,Uniques
2026-01-22 16:26:10,developer.payments.jpmorgan.com,140,47
2026-01-22 16:26:10,statics.teams.cdn.office.net,27,7
2026-01-22 16:26:10,github.com,25,8
2026-01-22 16:26:10,Google,23,4
2026-01-22 16:26:10,payments-developer-portal.prod.aws.jpmchase.net,2,2

2026-01-23 11:04:48,developer.payments.jpmorgan.com,148,48
2026-01-23 11:04:48,statics.teams.cdn.office.net,27,7
2026-01-23 11:04:48,github.com,24,6
2026-01-23 11:04:48,Google,5,3
2026-01-23 11:04:48,payments-developer-portal.prod.aws.jpmchase.net,2,2
2026-01-24 10:41:32,developer.payments.jpmorgan.com,143,46
2026-01-24 10:41:32,statics.teams.cdn.office.net,28,7
2026-01-24 10:41:32,github.com,19,5
2026-01-24 10:41:32,Google,3,2
2026-01-24 10:41:32,payments-developer-portal.prod.aws.jpmchase.net,2,2
2026-01-26 15:08:36,developer.payments.jpmorgan.com,152,51
2026-01-26 15:08:36,statics.teams.cdn.office.net,28,7
2026-01-26 15:08:36,github.com,19,5
2026-01-26 15:08:36,Google,4,3
2026-01-26 15:08:36,payments-developer-portal.prod.aws.jpmchase.net,2,2
2026-01-27 10:47:36,developer.payments.jpmorgan.com,162,55
2026-01-27 10:47:36,statics.teams.cdn.office.net,28,7
2026-01-27 10:47:36,github.com,21,6
2026-01-27 10:47:36,Google,4,3
2026-01-27 10:47:36,payments-developer-portal.prod.aws.jpmchase.net,2,2
2026-01-28 15:46:37,developer.payments.jpmorgan.com,148,58
2026-01-28 15:46:37,github.com,31,6
2026-01-28 15:46:37,statics.teams.cdn.office.net,27,7
2026-01-28 15:46:37,Google,13,7
2026-01-28 15:46:37,payments-developer-portal.prod.aws.jpmchase.net,2,2
2026-01-29 06:09:48,no-referrers,0,0
2026-01-30 06:09:54,developer.payments.jpmorgan.com,156,65
2026-01-30 06:09:54,github.com,36,7
2026-01-30 06:09:54,statics.teams.cdn.office.net,26,7
2026-01-30 06:09:54,Google,13,7
2026-01-30 06:09:54,payments-developer-portal.prod.aws.jpmchase.net,3,3
2026-01-31 06:05:43,developer.payments.jpmorgan.com,145,65
2026-01-31 06:05:43,github.com,36,7
2026-01-31 06:05:43,statics.teams.cdn.office.net,24,7
2026-01-31 06:05:43,Google,13,7
2026-01-31 06:05:43,payments-developer-portal.prod.aws.jpmchase.net,8,3
2026-02-01 06:12:36,developer.payments.jpmorgan.com,171,71
2026-02-01 06:12:36,github.com,36,7
2026-02-01 06:12:36,statics.teams.cdn.office.net,22,6
2026-02-01 06:12:36,Google,15,8
2026-02-01 06:12:36,payments-developer-portal.prod.aws.jpmchase.net,8,3
2026-02-02 06:16:59,no-referrers,0,0
2026-02-03 06:12:41,no-referrers,0,0
2026-02-04 06:11:08,no-referrers,0,0
2026-02-05 06:15:18,developer.payments.jpmorgan.com,219,70
2026-02-05 06:15:18,github.com,24,4
2026-02-05 06:15:18,Google,17,11
2026-02-05 06:15:18,statics.teams.cdn.office.net,6,2
2026-02-05 06:15:18,payments-developer-portal.prod.aws.jpmchase.net,6,1
2026-02-06 06:13:00,no-referrers,0,0
2026-02-07 06:08:14,no-referrers,0,0
2026-02-08 06:13:10,no-referrers,0,0
2026-02-09 06:18:55,no-referrers,0,0
2026-02-10 06:19:59,no-referrers,0,0
2026-02-11 06:18:46,no-referrers,0,0
2026-02-12 06:17:45,no-referrers,0,0
2026-02-13 06:16:27,no-referrers,0,0
2026-02-14 06:08:52,no-referrers,0,0
2026-02-15 06:13:29,no-referrers,0,0
2026-02-16 06:17:59,no-referrers,0,0
2026-02-17 06:15:16,no-referrers,0,0
2026-02-18 06:17:41,no-referrers,0,0
2026-02-19 06:17:31,no-referrers,0,0
2026-02-20 06:13:21,no-referrers,0,0
2026-02-21 06:07:43,no-referrers,0,0
2026-02-22 06:10:41,no-referrers,0,0
2026-02-23 06:18:02,no-referrers,0,0
2026-02-24 06:16:47,no-referrers,0,0
2026-02-25 06:18:36,no-referrers,0,0
2026-02-26 06:16:09,no-referrers,0,0
2026-02-27 06:12:09,no-referrers,0,0
2026-02-28 06:02:55,no-referrers,0,0
2026-03-01 06:09:42,no-referrers,0,0
2026-03-02 06:12:13,no-referrers,0,0
2026-03-03 06:10:33,no-referrers,0,0
2026-03-04 06:09:05,no-referrers,0,0
2026-03-05 06:10:41,no-referrers,0,0
2026-03-06 06:09:07,no-referrers,0,0
2026-03-07 06:04:21,no-referrers,0,0
2026-03-08 06:07:55,no-referrers,0,0
2026-03-09 06:15:22,no-referrers,0,0
2026-03-10 06:08:54,no-referrers,0,0
2026-03-11 06:10:26,no-referrers,0,0
2026-03-12 06:11:47,no-referrers,0,0
2026-03-13 06:10:41,no-referrers,0,0
2026-03-14 06:09:32,no-referrers,0,0
2026-03-15 06:15:07,no-referrers,0,0
2026-03-16 06:25:02,no-referrers,0,0
2026-03-17 06:16:51,no-referrers,0,0
2026-03-18 06:17:22,no-referrers,0,0
2026-03-19 06:15:29,no-referrers,0,0
2026-03-20 06:12:49,no-referrers,0,0
2026-03-21 06:07:22,no-referrers,0,0
2026-03-22 06:12:08,no-referrers,0,0
2026-03-23 06:18:40,no-referrers,0,0
2026-03-24 06:17:16,no-referrers,0,0
2026-03-25 06:17:07,no-referrers,0,0
2026-03-26 06:19:21,no-referrers,0,0
2026-03-27 06:20:15,no-referrers,0,0
2026-03-28 06:15:12,no-referrers,0,0
2026-03-29 06:18:26,no-referrers,0,0
2026-03-30 06:29:16,no-referrers,0,0
2026-03-31 06:22:40,no-referrers,0,0
2026-04-01 06:27:49,no-referrers,0,0
2026-04-02 06:19:49,no-referrers,0,0
2026-04-03 06:19:55,no-referrers,0,0
2026-04-04 06:16:06,no-referrers,0,0
2026-04-05 06:20:23,no-referrers,0,0
2026-04-06 06:29:44,no-referrers,0,0
2026-04-07 06:24:43,no-referrers,0,0
2026-04-08 06:25:25,no-referrers,0,0
2026-04-09 06:26:11,no-referrers,0,0
2026-04-10 06:29:52,no-referrers,0,0
2026-04-11 06:17:00,no-referrers,0,0
2026-04-12 06:26:21,no-referrers,0,0
2026-04-13 06:36:08,no-referrers,0,0
2026-04-14 06:29:40,no-referrers,0,0
2026-04-15 06:30:07,no-referrers,0,0
2026-04-16 06:30:29,no-referrers,0,0
2026-04-17 06:30:17,no-referrers,0,0
2026-04-18 06:20:04,no-referrers,0,0
2026-04-19 06:28:23,no-referrers,0,0
2026-04-20 06:37:04,no-referrers,0,0
2026-04-21 06:30:22,no-referrers,0,0
2026-04-22 06:30:32,no-referrers,0,0
2026-04-23 06:31:12,no-referrers,0,0
2026-04-24 06:31:50,no-referrers,0,0
2026-04-25 06:24:31,no-referrers,0,0
2026-04-26 06:31:53,no-referrers,0,0
2026-04-27 06:44:59,no-referrers,0,0
2026-04-28 06:47:26,no-referrers,0,0
2026-04-29 06:43:16,no-referrers,0,0
2026-04-30 06:45:25,no-referrers,0,0
2026-05-01 06:48:03,no-referrers,0,0
2026-05-02 06:32:36,no-referrers,0,0
2026-05-03 06:45:25,no-referrers,0,0
2026-05-04 06:52:56,no-referrers,0,0
2026-05-05 06:38:51,no-referrers,0,0
2026-05-06 06:47:57,no-referrers,0,0
2026-05-07 06:52:32,no-referrers,0,0
2026-05-08 06:29:19,no-referrers,0,0
2026-05-09 06:37:04,no-referrers,0,0
2026-05-10 06:48:12,no-referrers,0,0
2026-05-11 07:00:23,no-referrers,0,0
2026-05-12 06:50:13,no-referrers,0,0
2026-05-13 06:54:08,no-referrers,0,0
2026-05-14 06:53:03,no-referrers,0,0
2026-05-15 06:58:05,no-referrers,0,0
2026-05-16 06:41:09,no-referrers,0,0
2026-05-17 06:51:17,no-referrers,0,0
2026-05-18 07:11:24,no-referrers,0,0
2026-05-19 07:03:21,no-referrers,0,0
2026-05-20 07:03:12,no-referrers,0,0
2026-05-21 07:07:46,no-referrers,0,0
2026-05-22 07:03:36,no-referrers,0,0
2026-05-23 06:48:26,no-referrers,0,0
2026-05-24 06:59:01,no-referrers,0,0
2026-05-25 07:22:11,no-referrers,0,0
2026-05-26 07:02:20,no-referrers,0,0
2026-05-27 07:16:30,no-referrers,0,0
2026-05-28 06:46:38,developer.payments.jpmorgan.com,152,48
2026-05-28 06:46:38,github.com,19,13
2026-05-28 06:46:38,Google,4,3
2026-05-28 06:46:38,payments-developer-portal.prod.aws.jpmchase.net,3,1
2026-05-28 06:46:38,jiradc-cib-cluster02.prod.aws.jpmchase.net,2,2
2026-05-28 06:46:38,payments-developer-portal.test.aws.jpmchase.net,1,1
2026-05-28 07:09:33,developer.payments.jpmorgan.com,152,48
2026-05-28 07:09:33,github.com,19,13
2026-05-28 07:09:33,Google,4,3
2026-05-28 07:09:33,payments-developer-portal.prod.aws.jpmchase.net,3,1
2026-05-28 07:09:33,jiradc-cib-cluster02.prod.aws.jpmchase.net,2,2
2026-05-28 07:09:33,payments-developer-portal.test.aws.jpmchase.net,1,1
2026-05-29 07:10:00,no-referrers,0,0
2026-05-30 06:53:35,developer.payments.jpmorgan.com,153,49
2026-05-30 06:53:35,github.com,54,16
2026-05-30 06:53:35,Google,5,4
2026-05-30 06:53:35,payments-developer-portal.prod.aws.jpmchase.net,3,1
2026-05-30 06:53:35,payments-developer-portal.test.aws.jpmchase.net,1,1
2026-05-31 07:10:32,no-referrers,0,0
2026-06-01 07:33:01,developer.payments.jpmorgan.com,113,51
2026-06-01 07:33:01,github.com,54,16
2026-06-01 07:33:01,Google,5,4
2026-06-01 07:33:01,payments-developer-portal.prod.aws.jpmchase.net,3,1
2026-06-01 07:33:01,payments-developer-portal.test.aws.jpmchase.net,1,1
2026-06-02 07:28:00,no-referrers,0,0
2026-06-03 07:30:44,developer.payments.jpmorgan.com,76,55
2026-06-03 07:30:44,github.com,51,15
2026-06-03 07:30:44,Google,6,4
2026-06-03 07:30:44,payments-developer-portal.test.aws.jpmchase.net,1,1
2026-06-04 07:27:44,no-referrers,0,0
2026-06-05 07:19:30,developer.payments.jpmorgan.com,80,54
2026-06-05 07:19:30,github.com,55,18
2026-06-05 07:19:30,Google,7,5
2026-06-05 07:19:30,Bing,2,1
2026-06-05 07:19:30,payments-developer-portal.test.aws.jpmchase.net,1,1
2026-06-06 06:57:08,no-referrers,0,0
2026-06-07 07:15:48,developer.payments.jpmorgan.com,89,55
2026-06-07 07:15:48,github.com,56,18
2026-06-07 07:15:48,Google,11,7
2026-06-07 07:15:48,Bing,2,1
2026-06-07 07:15:48,payments-developer-portal.test.aws.jpmchase.net,1,1
2026-06-08 07:29:15,no-referrers,0,0
2026-06-09 07:05:03,developer.payments.jpmorgan.com,89,55
2026-06-09 07:05:03,github.com,69,19
2026-06-09 07:05:03,Google,9,6
2026-06-09 07:05:03,Bing,2,1
2026-06-09 07:05:03,payments-developer-portal.test.aws.jpmchase.net,1,1
2026-06-10 07:19:14,no-referrers,0,0
2026-06-11 07:29:25,developer.payments.jpmorgan.com,104,63
2026-06-11 07:29:25,github.com,72,18
2026-06-11 07:29:25,Google,8,6
2026-06-11 07:29:25,Bing,2,1
2026-06-12 07:27:59,no-referrers,0,0
2026-06-13 07:10:45,developer.payments.jpmorgan.com,104,63
2026-06-13 07:10:45,github.com,72,18
2026-06-13 07:10:45,Google,8,6
2026-06-13 07:10:45,Bing,2,1
2026-06-14 07:27:16,no-referrers,0,0
2026-06-15 07:44:09,developer.payments.jpmorgan.com,94,53
2026-06-15 07:44:09,github.com,35,14
2026-06-15 07:44:09,Google,10,7
2026-06-15 07:44:09,Bing,2,1
2026-06-16 07:46:42,no-referrers,0,0
2026-06-17 07:38:03,developer.payments.jpmorgan.com,81,47
2026-06-17 07:38:03,github.com,40,16
2026-06-17 07:38:03,Google,10,7
2026-06-17 07:38:03,payments-developer-portal.test.aws.jpmchase.net,9,2
2026-06-17 07:38:03,statics.teams.cdn.office.net,3,1
2026-06-17 07:38:03,Bing,2,1
2026-06-18 07:30:23,developer.payments.jpmorgan.com,83,47
2026-06-18 07:30:23,github.com,49,18
2026-06-18 07:30:23,Google,9,6
2026-06-18 07:30:23,payments-developer-portal.test.aws.jpmchase.net,9,2
2026-06-18 07:30:23,statics.teams.cdn.office.net,3,1
2026-06-18 07:30:23,Bing,2,1
2026-06-19 07:41:36,no-referrers,0,0
2026-06-20 07:12:31,no-referrers,0,0
2026-06-21 07:29:20,developer.payments.jpmorgan.com,58,36
2026-06-21 07:29:20,github.com,30,12
2026-06-21 07:29:20,payments-developer-portal.test.aws.jpmchase.net,9,2
2026-06-21 07:29:20,Google,8,6
2026-06-21 07:29:20,statics.teams.cdn.office.net,3,1
2026-06-22 07:46:05,no-referrers,0,0
2026-06-23 07:05:32,no-referrers,0,0
2026-06-24 07:02:33,developer.payments.jpmorgan.com,79,40
2026-06-24 07:02:33,github.com,32,13
2026-06-24 07:02:33,statics.teams.cdn.office.net,11,3
2026-06-24 07:02:33,payments-developer-portal.test.aws.jpmchase.net,10,3
2026-06-24 07:02:33,Google,9,7
2026-06-24 07:02:33,payments-developer-portal.prod.aws.jpmchase.net,4,1
2026-06-24 07:02:33,teams.public.onecdn.static.microsoft,1,1
2026-06-25 07:02:39,developer.payments.jpmorgan.com,74,36
2026-06-25 07:02:39,github.com,27,12
2026-06-25 07:02:39,statics.teams.cdn.office.net,12,4
2026-06-25 07:02:39,Google,10,7
2026-06-25 07:02:39,payments-developer-portal.test.aws.jpmchase.net,10,3
2026-06-25 07:02:39,payments-developer-portal.prod.aws.jpmchase.net,4,1
2026-06-25 07:02:39,teams.public.onecdn.static.microsoft,1,1
2026-06-26 07:08:54,no-referrers,0,0
2026-06-27 06:57:19,no-referrers,0,0
2026-06-28 07:13:25,no-referrers,0,0
2026-06-29 07:28:53,no-referrers,0,0
2026-06-30 07:08:56,no-referrers,0,0
2026-07-01 07:20:31,no-referrers,0,0
2026-07-02 07:00:07,no-referrers,0,0
2026-07-03 06:58:56,no-referrers,0,0
2026-07-04 06:55:12,no-referrers,0,0
2026-07-05 06:59:51,no-referrers,0,0
2026-07-06 07:21:53,no-referrers,0,0
2026-07-07 07:04:19,no-referrers,0,0
2026-07-08 06:44:24,no-referrers,0,0
2026-07-09 07:05:01,no-referrers,0,0
2026-07-10 07:04:07,no-referrers,0,0
2026-07-11 06:39:44,no-referrers,0,0
2026-07-12 06:48:09,no-referrers,0,0
2026-07-13 06:57:48,no-referrers,0,0
2026-07-14 06:38:09,no-referrers,0,0
2026-07-14 16:04:24,no-referrers,0,0
2026-07-14 16:12:05,developer.payments.jpmorgan.com,104,53
2026-07-14 16:12:05,github.com,43,13
2026-07-14 16:12:05,Google,6,5
2026-07-14 16:12:05,payments-developer-portal.prod.aws.jpmchase.net,5,2
2026-07-14 16:12:05,confluence.prod.aws.jpmchase.net,1,1
2026-07-14 16:12:05,developer-test.payments.jpmorgan.com,1,1
2026-07-14 16:12:05,statics.teams.cdn.office.net,1,1
2026-07-15 06:38:45,developer.payments.jpmorgan.com,95,47
2026-07-15 06:38:45,github.com,47,15
2026-07-15 06:38:45,Google,6,5
2026-07-15 06:38:45,payments-developer-portal.prod.aws.jpmchase.net,5,2
2026-07-15 06:38:45,confluence.prod.aws.jpmchase.net,1,1
2026-07-15 06:38:45,developer-test.payments.jpmorgan.com,1,1
2026-07-15 06:38:45,statics.teams.cdn.office.net,1,1
2026-07-16 06:43:27,no-referrers,0,0
2026-07-17 06:41:37,developer.payments.jpmorgan.com,104,51
2026-07-17 06:41:37,github.com,50,16
2026-07-17 06:41:37,Google,9,7
2026-07-17 06:41:37,payments-developer-portal.prod.aws.jpmchase.net,5,2
2026-07-17 06:41:37,teams.public.onecdn.static.microsoft,4,1
2026-07-17 06:41:37,statics.teams.cdn.office.net,2,2
2026-07-17 06:41:37,developer-test.payments.jpmorgan.com,1,1
2026-07-18 06:33:47,developer.payments.jpmorgan.com,91,48
2026-07-18 06:33:47,github.com,31,13
2026-07-18 06:33:47,Google,11,9
2026-07-18 06:33:47,payments-developer-portal.prod.aws.jpmchase.net,4,1
2026-07-18 06:33:47,teams.public.onecdn.static.microsoft,4,1
2026-07-18 06:33:47,statics.teams.cdn.office.net,2,2
2026-07-18 06:33:47,developer-test.payments.jpmorgan.com,1,1
2026-07-19 06:45:50,developer.payments.jpmorgan.com,95,50
2026-07-19 06:45:50,github.com,32,14
2026-07-19 06:45:50,Google,13,10
2026-07-19 06:45:50,payments-developer-portal.prod.aws.jpmchase.net,4,1
2026-07-19 06:45:50,teams.public.onecdn.static.microsoft,4,1
2026-07-19 06:45:50,statics.teams.cdn.office.net,3,2
2026-07-19 06:45:50,developer-test.payments.jpmorgan.com,1,1
2026-07-20 06:56:29,developer.payments.jpmorgan.com,91,50
2026-07-20 06:56:29,github.com,32,14
2026-07-20 06:56:29,Google,13,10
2026-07-20 06:56:29,payments-developer-portal.prod.aws.jpmchase.net,4,1
2026-07-20 06:56:29,teams.public.onecdn.static.microsoft,4,1
2026-07-20 06:56:29,statics.teams.cdn.office.net,3,2
2026-07-20 06:56:29,developer-test.payments.jpmorgan.com,1,1
2026-07-21 06:46:44,developer.payments.jpmorgan.com,106,51
2026-07-21 06:46:44,github.com,33,13
2026-07-21 06:46:44,Google,12,9
2026-07-21 06:46:44,payments-developer-portal.prod.aws.jpmchase.net,4,1
2026-07-21 06:46:44,teams.public.onecdn.static.microsoft,4,1
2026-07-21 06:46:44,statics.teams.cdn.office.net,3,2
2026-07-21 06:46:44,developer-test.payments.jpmorgan.com,1,1
2026-07-22 06:46:00,developer.payments.jpmorgan.com,108,53
2026-07-22 06:46:00,github.com,34,13
2026-07-22 06:46:00,Google,17,10
2026-07-22 06:46:00,payments-developer-portal.prod.aws.jpmchase.net,4,1
2026-07-22 06:46:00,teams.public.onecdn.static.microsoft,4,1
2026-07-22 06:46:00,statics.teams.cdn.office.net,3,2
2026-07-22 06:46:00,developer-test.payments.jpmorgan.com,1,1
2026-07-23 06:44:55,developer.payments.jpmorgan.com,108,53
2026-07-23 06:44:55,github.com,34,13
2026-07-23 06:44:55,Google,17,10
2026-07-23 06:44:55,payments-developer-portal.prod.aws.jpmchase.net,4,1
2026-07-23 06:44:55,teams.public.onecdn.static.microsoft,4,1
2026-07-23 06:44:55,statics.teams.cdn.office.net,3,2
2026-07-23 06:44:55,developer-test.payments.jpmorgan.com,1,1
2026-07-24 06:44:44,developer.payments.jpmorgan.com,103,55
2026-07-24 06:44:44,github.com,30,13
2026-07-24 06:44:44,Google,17,10
2026-07-24 06:44:44,teams.public.onecdn.static.microsoft,8,3
2026-07-24 06:44:44,statics.teams.cdn.office.net,3,2
2026-07-24 06:44:44,confluence.prod.aws.jpmchase.net,1,1
2026-07-25 06:41:18,developer.payments.jpmorgan.com,103,55
2026-07-25 06:41:18,github.com,30,13
2026-07-25 06:41:18,Google,17,10
2026-07-25 06:41:18,teams.public.onecdn.static.microsoft,8,3
2026-07-25 06:41:18,statics.teams.cdn.office.net,3,2
2026-07-25 06:41:18,confluence.prod.aws.jpmchase.net,1,1
2026-07-26 06:49:39,developer.payments.jpmorgan.com,112,56
2026-07-26 06:49:39,github.com,35,14
2026-07-26 06:49:39,Google,19,11
2026-07-26 06:49:39,teams.public.onecdn.static.microsoft,8,3
2026-07-26 06:49:39,statics.teams.cdn.office.net,3,2
2026-07-26 06:49:39,confluence.prod.aws.jpmchase.net,1,1
2026-07-27 06:59:15,developer.payments.jpmorgan.com,111,55
2026-07-27 06:59:15,github.com,35,14
2026-07-27 06:59:15,Google,17,10
2026-07-27 06:59:15,teams.public.onecdn.static.microsoft,8,3
2026-07-27 06:59:15,statics.teams.cdn.office.net,3,2
2026-07-27 06:59:15,confluence.prod.aws.jpmchase.net,1,1
2026-07-28 06:46:40,developer.payments.jpmorgan.com,107,55
2026-07-28 06:46:40,github.com,35,14
2026-07-28 06:46:40,Google,18,11
2026-07-28 06:46:40,teams.public.onecdn.static.microsoft,8,3
2026-07-28 06:46:40,statics.teams.cdn.office.net,2,1
2026-07-28 06:46:40,confluence.prod.aws.jpmchase.net,1,1
2026-07-29 06:48:09,developer.payments.jpmorgan.com,104,53
2026-07-29 06:48:09,github.com,29,14
2026-07-29 06:48:09,Google,18,11
2026-07-29 06:48:09,teams.public.onecdn.static.microsoft,8,3
2026-07-29 06:48:09,statics.teams.cdn.office.net,2,1
2026-07-29 06:48:09,confluence.prod.aws.jpmchase.net,1,1
2026-07-30 06:46:30,developer.payments.jpmorgan.com,116,55
2026-07-30 06:46:30,github.com,27,14
2026-07-30 06:46:30,Google,18,11
2026-07-30 06:46:30,teams.public.onecdn.static.microsoft,8,3
2026-07-30 06:46:30,statics.teams.cdn.office.net,2,1
2026-07-30 06:46:30,confluence.prod.aws.jpmchase.net,1,1
2026-07-31 06:52:47,developer.payments.jpmorgan.com,118,52
2026-07-31 06:52:47,github.com,29,16
2026-07-31 06:52:47,Google,23,13
2026-07-31 06:52:47,teams.public.onecdn.static.microsoft,4,2
2026-07-31 06:52:47,confluence.prod.aws.jpmchase.net,1,1
2026-07-31 06:52:47,statics.teams.cdn.office.net,1,1
2026-08-01 06:46:01,developer.payments.jpmorgan.com,118,52
2026-08-01 06:46:01,github.com,29,16
2026-08-01 06:46:01,Google,23,13
2026-08-01 06:46:01,teams.public.onecdn.static.microsoft,4,2
2026-08-01 06:46:01,confluence.prod.aws.jpmchase.net,1,1
2026-08-01 06:46:01,statics.teams.cdn.office.net,1,1
2026-08-02 06:48:03,developer.payments.jpmorgan.com,119,52
2026-08-02 06:48:03,github.com,29,17
2026-08-02 06:48:03,Google,23,12
2026-08-02 06:48:03,teams.public.onecdn.static.microsoft,4,2
2026-08-02 06:48:03,confluence.prod.aws.jpmchase.net,1,1
2026-08-02 06:48:03,statics.teams.cdn.office.net,1,1
2026-08-03 06:58:30,developer.payments.jpmorgan.com,119,52
2026-08-03 06:58:30,github.com,29,17
2026-08-03 06:58:30,Google,23,12
2026-08-03 06:58:30,teams.public.onecdn.static.microsoft,4,2
2026-08-03 06:58:30,confluence.prod.aws.jpmchase.net,1,1
2026-08-03 06:58:30,statics.teams.cdn.office.net,1,1
2026-08-04 06:46:16,developer.payments.jpmorgan.com,106,53
2026-08-04 06:46:16,github.com,26,16
2026-08-04 06:46:16,Google,22,12
2026-08-04 06:46:16,teams.public.onecdn.static.microsoft,4,2
2026-08-04 06:46:16,confluence.prod.aws.jpmchase.net,1,1
2026-08-05 06:47:15,developer.payments.jpmorgan.com,108,54
2026-08-05 06:47:15,github.com,25,16
2026-08-05 06:47:15,Google,18,12
2026-08-05 06:47:15,teams.public.onecdn.static.microsoft,4,2
2026-08-05 06:47:15,confluence.prod.aws.jpmchase.net,1,1
2026-08-06 06:48:54,developer.payments.jpmorgan.com,104,51
2026-08-06 06:48:54,github.com,24,16
2026-08-06 06:48:54,Google,17,11
2026-08-06 06:48:54,confluence.prod.aws.jpmchase.net,1,1
2026-08-07 06:19:50,developer.payments.jpmorgan.com,104,51
2026-08-07 06:19:50,github.com,24,16
2026-08-07 06:19:50,Google,17,11
2026-08-07 06:19:50,confluence.prod.aws.jpmchase.net,1,1
2026-08-08 06:10:32,developer.payments.jpmorgan.com,97,46
2026-08-08 06:10:32,github.com,18,14
2026-08-08 06:10:32,Google,17,11
2026-08-08 06:10:32,payments-developer-portal.prod.aws.jpmchase.net,1,1
2026-08-09 06:10:57,developer.payments.jpmorgan.com,90,45
2026-08-09 06:10:57,github.com,16,13
2026-08-09 06:10:57,Google,15,10
2026-08-09 06:10:57,payments-developer-portal.prod.aws.jpmchase.net,1,1
2026-08-10 06:21:29,developer.payments.jpmorgan.com,90,45
2026-08-10 06:21:29,github.com,16,13
2026-08-10 06:21:29,Google,15,10
2026-08-10 06:21:29,payments-developer-portal.prod.aws.jpmchase.net,1,1
2026-08-11 06:13:37,developer.payments.jpmorgan.com,94,47
2026-08-11 06:13:37,github.com,20,15
2026-08-11 06:13:37,Google,13,8
2026-08-11 06:13:37,payments-developer-portal.prod.aws.jpmchase.net,4,3
2026-08-12 06:24:05,developer.payments.jpmorgan.com,94,47
2026-08-12 06:24:05,github.com,20,15
2026-08-12 06:24:05,Google,13,8
2026-08-12 06:24:05,payments-developer-portal.prod.aws.jpmchase.net,4,3
2026-08-13 06:24:53,developer.payments.jpmorgan.com,95,53
2026-08-13 06:24:53,github.com,23,14
2026-08-13 06:24:53,Google,14,9
2026-08-13 06:24:53,jiradc-cib-cluster02.prod.aws.jpmchase.net,7,1
2026-08-13 06:24:53,payments-developer-portal.prod.aws.jpmchase.net,4,3
2026-08-13 06:24:53,developer-test.payments.jpmorgan.com,3,1
